Workbook

Sheet How to check
A1: Checking the portfolio benchmark — Managed office portfolio, 8 buildings (BDG2 public dataset)
A3: Open the 'Verification' sheet. BLUE is what the report printed. BLACK is what Excel computes here from the floor areas and the annual totals. The difference column must be zero.
A5: What Excel recomputes here:
A6: Each building's intensity (kWh divided by m²), the median across the estate, each building's position against that median, and the gap in kWh and in money. That is the entire analysis — the report adds no other arithmetic.
A8: The one thing to verify separately:
A9: Each building's annual kWh is a sum of thousands of rows in its own file, so it is typed in here rather than recomputed. To check one: open that building's CSV, select the kWh column, and read the sum in Excel's status bar. It must equal the blue figure on the 'Building totals' sheet.
A11: Why the median and not an industry benchmark:
A12: A benchmark invites the answer 'our buildings are different'. The median of the client's own estate cannot be argued with the same way — they are all their buildings. Where a use type has three or more buildings, the median of that type is used instead of the estate median, so a laboratory is not called wasteful for using more than an office.

Sheet Verification
A1: Verification
A2: Blue = from the report. Black = Excel's own calculation. Every difference must be zero.
A4: Building | B4: Report kWh/m² | C4: Excel kWh/m² | D4: Difference | E4: vs median | F4: Report gap EUR | G4: Excel gap EUR
A5: Sherrie | B5: 40.983422 | C5: ='Building totals'!D2/'Building totals'!C2 -> 40.983422 | D5: =C5-B5 -> 0 | E5: -0.16714689 | F5: 0 | G5: =MAX(C5-49.2084642854,0)*'Building totals'!C2*0.11 -> 0
A6: Migdalia | B6: 41.924751 | C6: ='Building totals'!D3/'Building totals'!C3 -> 41.924751 | D6: =C6-B6 -> 0 | E6: -0.14801748 | F6: 0 | G6: =MAX(C6-49.2084642854,0)*'Building totals'!C3*0.11 -> 0
A7: Valda | B7: 47.702515 | C7: ='Building totals'!D4/'Building totals'!C4 -> 47.702515 | D7: =C7-B7 -> 0 | E7: -0.030603458 | F7: 0 | G7: =MAX(C7-49.2084642854,0)*'Building totals'!C4*0.11 -> 0
A8: Concetta | B8: 48.988111 | C8: ='Building totals'!D5/'Building totals'!C5 -> 48.988111 | D8: =C8-B8 -> 0 | E8: -0.0044779616 | F8: 0 | G8: =MAX(C8-49.2084642854,0)*'Building totals'!C5*0.11 -> 0
A9: Cordelia | B9: 49.428818 | C9: ='Building totals'!D6/'Building totals'!C6 -> 49.428818 | D9: =C9-B9 -> 0 | E9: 0.0044779616 | F9: 107.13835 | G9: =MAX(C9-49.2084642854,0)*'Building totals'!C6*0.11 -> 107.13835
A10: Marlene | B10: 53.308108 | C10: ='Building totals'!D7/'Building totals'!C7 -> 53.308108 | D10: =C10-B10 -> 0 | E10: 0.083311756 | F10: 3360.2441 | G10: =MAX(C10-49.2084642854,0)*'Building totals'!C7*0.11 -> 3360.2441
A11: Marilyn | B11: 53.724827 | C11: ='Building totals'!D8/'Building totals'!C8 -> 53.724827 | D11: =C11-B11 -> 0 | E11: 0.091780209 | F11: 2745.0681 | G11: =MAX(C11-49.2084642854,0)*'Building totals'!C8*0.11 -> 2745.0681
A12: Judith | B12: 54.298569 | C12: ='Building totals'!D9/'Building totals'!C9 -> 54.298569 | D12: =C12-B12 -> 0 | E12: 0.10343961 | F12: 10429.023 | G12: =MAX(C12-49.2084642854,0)*'Building totals'!C9*0.11 -> 10429.023
A14: Estate median intensity | B14: 49.208464 | C14: =MEDIAN(C5:C12) -> 49.208464 | D14: =C14-B14 -> 0
A15: Total gap to median (EUR) | B15: 16641.474 | C15: =SUM(G5:G12) -> 16641.474 | D15: =C15-B15 -> 2.5949703e-08
A16: Total estate energy (kWh) | B16: 2944156 | C16: =SUM('Building totals'!D2:D9) -> 2944156 | D16: =C16-B16 -> 0
A18: Largest difference anywhere | C18: =MAX(MAX(D5:D15),-MIN(D5:D15)) -> 2.5949703e-08
A19: VERDICT | B19: =IF(C18<0.01,"EVERY FIGURE MATCHES - report is safe to send","MISMATCH - do NOT send this report") -> EVERY FIGURE MATCHES - report is safe to send

Sheet Building totals
A1: Building | B1: Use | C1: Floor area m² | D1: Annual kWh | E1: Reference intensity used
A2: Sherrie | B2: Office | C2: 8639.4 | D2: 354072.18 | E2: Office median
A3: Migdalia | B3: Office | C3: 6754.9 | D3: 283197.5 | E3: Office median
A4: Valda | B4: Office | C4: 5255.4 | D4: 250695.8 | E4: Office median
A5: Concetta | B5: Office | C5: 2699.9 | D5: 132263 | E5: Office median
A6: Cordelia | B6: Office | C6: 4420.1 | D6: 218480.32 | E6: Office median
A7: Marlene | B7: Office | C7: 7451.3 | D7: 397214.7 | E7: Office median
A8: Marilyn | B8: Office | C8: 5525.5 | D8: 296856.53 | E8: Office median
A9: Judith | B9: Office | C9: 18626.2 | D9: 1011376 | E9: Office median
