Workbook

Sheet How to check
A1: Checking the out-of-hours report — Hog office building, 18,213 m² (BDG2 public dataset)
A3: This workbook re-derives the report's headline numbers from the raw meter readings using ordinary Excel formulas. No Python runs here.
A5: What to do:
A6: 1. Open the 'Verification' sheet.
A7: 2. The BLUE column is what the report printed. It is typed in — nothing computes it.
A8: 3. The BLACK column is an Excel formula reading the 'Meter data' sheet. Click any cell to see the formula.
A9: 4. The 'Difference' column must be zero (or a rounding crumb). If it is not, the report is wrong — do not send it.
A11: Where the numbers come from:
A12: 'Meter data' holds only what the client sent: column A the timestamp, column B the kWh. Columns D to G are Excel formulas that work out the weekday, the hour, whether the building was closed, and the kW.
A13: The closed/occupied split is therefore recomputed here too — the report's own version of it is not used anywhere in this file.
A15: The one check you can do without this file at all:
A16: Open the client's CSV in Excel, select the whole kWh column, and read the sum in the status bar. It must equal 'Total energy in file' on the last page of the report.
... A19: The report calls the typical closed-period load a median. Excel's MEDIAN is used here on the same set of readings, so the two should agree exactly.

Sheet Verification
A1: Verification
A2: Blue = typed in from the report. Black = computed here by Excel from the raw readings. Every difference must be zero.
A4: What | B4: Report says | C4: Excel says | D4: Difference | E4: The Excel formula, in words
A5: Readings used | B5: 8760 | C5: =COUNT('Meter data'!$B$2:$B$8761) -> 8760 | D5: =C5-B5 -> 0 | E5: COUNT of the kWh column
A6: Total energy (kWh) | B6: 1219928.8 | C6: =SUM('Meter data'!$B$2:$B$8761) -> 1219928.8 | D6: =C6-B6 -> 0 | E6: SUM of the kWh column
A7: Energy while closed (kWh) | B7: 649634.76 | C7: =SUMIF('Meter data'!$F$2:$F$8761,1,'Meter data'!$B$2:$B$8761) -> 649634.76 | D7: =C7-B7 -> 0 | E7: SUM of kWh where the closed flag is 1
A8: Energy while occupied (kWh) | B8: 570294.08 | C8: =SUMIF('Meter data'!$F$2:$F$8761,0,'Meter data'!$B$2:$B$8761) -> 570294.08 | D8: =C8-B8 -> 0 | E8: SUM of kWh where the closed flag is 0
A9: Closed share of the year (%) | B9: 0.53251857 | C9: =SUMIF('Meter data'!$F$2:$F$8761,1,'Meter data'!$B$2:$B$8761)/SUM('Meter data'!$B$2:$B$8761) -> 0.53251857 | D9: =C9-B9 -> 0 | E9: closed kWh divided by total kWh
A10: Hours closed | B10: 6250 | C10: =COUNTIF('Meter data'!$F$2:$F$8761,1)*1 -> 6250 | D10: =C10-B10 -> 0 | E10: count of closed readings x 1.0 h per reading
A11: Cost of closed-period energy | B11: 71459.824 | C11: =SUMIF('Meter data'!$F$2:$F$8761,1,'Meter data'!$B$2:$B$8761)*0.11 -> 71459.824 | D11: =C11-B11 -> 0 | E11: closed kWh x 0.11 per kWh
A12: Worth of 1 kW switched off, per year | B12: 687.5 | C12: =COUNTIF('Meter data'!$F$2:$F$8761,1)*1*0.11 -> 687.5 | D12: =C12-B12 -> 0 | E12: hours closed x tariff
A13: Typical load while closed (kW) | B13: 71.0985 | C13: =MEDIAN('Meter data'!$H$2:$H$8761) -> 71.0985 | D13: =C13-B13 -> 0 | E13: MEDIAN of the kW readings that fall in closed hours
A14: Average load while occupied (kW) | B14: 227.2088 | C14: =AVERAGEIF('Meter data'!$F$2:$F$8761,0,'Meter data'!$G$2:$G$8761) -> 227.2088 | D14: =C14-B14 -> 0 | E14: AVERAGE of kW where the closed flag is 0
A15: Peak load (kW) | B15: 314.391 | C15: =MAX('Meter data'!$G$2:$G$8761) -> 314.391 | D15: =C15-B15 -> 0 | E15: MAX of the kW column
A17: Largest difference anywhere above | C17: =MAX(MAX(D5:D15),-MIN(D5:D15)) -> 0 | E17: Anything other than a rounding crumb means do not send the report.
A18: VERDICT | B18: =IF(C17<0.01,"ALL 11 NUMBERS MATCH - report is safe to send","MISMATCH - do NOT send this report") -> ALL 11 NUMBERS MATCH - report is safe to send
A20: Settings these formulas use
A21: Operating hours | B21: 08:00 to 18:00
A22: Working days | B22: Mon-Fri
A23: Reading interval | B23: 60 minutes
A24: Tariff | B24: 0.11 per kWh
A25: Closed dates supplied | B25: 9 dates, listed on 'Meter data' column K
A26: Timestamp handling | B26: no DST shifts found in the file — timestamps read as fixed local standard time (UTC-6), continuous, nothing moved or merged

Sheet Meter data
A1: Timestamp (from client file) | B1: kWh (from client file) | D1: Weekday 1=Mon | E1: Hour | F1: Closed? 1=yes | G1: kW | H1: kWh if closed | K1: Closed dates supplied by the client
A2: 42736 | B2: 62.276 | D2: =WEEKDAY(A2,2) -> 7 | E2: =HOUR(A2)+MINUTE(A2)/60 -> 0 | F2: =IF(OR(D2>5,E2<8,E2>=18,COUNTIF($K$2:$K$10,INT(A2))>0),1,0) -> 1 | G2: =B2/1 -> 62.276 | H2: =IF(F2=1,G2,"") -> 62.276 | K2: 42737
A3: 42736.042 | B3: 60.849 | D3: =WEEKDAY(A3,2) -> 7 | E3: =HOUR(A3)+MINUTE(A3)/60 -> 1 | F3: =IF(OR(D3>5,E3<8,E3>=18,COUNTIF($K$2:$K$10,INT(A3))>0),1,0) -> 1 | G3: =B3/1 -> 60.849 | H3: =IF(F3=1,G3,"") -> 60.849 | K3: 42751
A4: 42736.083 | B4: 63.524 | D4: =WEEKDAY(A4,2) -> 7 | E4: =HOUR(A4)+MINUTE(A4)/60 -> 2 | F4: =IF(OR(D4>5,E4<8,E4>=18,COUNTIF($K$2:$K$10,INT(A4))>0),1,0) -> 1 | G4: =B4/1 -> 63.524 | H4: =IF(F4=1,G4,"") -> 63.524 | K4: 42786
A5: 42736.125 | B5: 61.743 | D5: =WEEKDAY(A5,2) -> 7 | E5: =HOUR(A5)+MINUTE(A5)/60 -> 3 | F5: =IF(OR(D5>5,E5<8,E5>=18,COUNTIF($K$2:$K$10,INT(A5))>0),1,0) -> 1 | G5: =B5/1 -> 61.743 | H5: =IF(F5=1,G5,"") -> 61.743 | K5: 42884
A6: 42736.167 | B6: 62.73 | D6: =WEEKDAY(A6,2) -> 7 | E6: =HOUR(A6)+MINUTE(A6)/60 -> 4 | F6: =IF(OR(D6>5,E6<8,E6>=18,COUNTIF($K$2:$K$10,INT(A6))>0),1,0) -> 1 | G6: =B6/1 -> 62.73 | H6: =IF(F6=1,G6,"") -> 62.73 | K6: 42920
A7: 42736.208 | B7: 63.4 | D7: =WEEKDAY(A7,2) -> 7 | E7: =HOUR(A7)+MINUTE(A7)/60 -> 5 | F7: =IF(OR(D7>5,E7<8,E7>=18,COUNTIF($K$2:$K$10,INT(A7))>0),1,0) -> 1 | G7: =B7/1 -> 63.4 | H7: =IF(F7=1,G7,"") -> 63.4 | K7: 42982
A8: 42736.25 | B8: 61.809 | D8: =WEEKDAY(A8,2) -> 7 | E8: =HOUR(A8)+MINUTE(A8)/60 -> 6 | F8: =IF(OR(D8>5,E8<8,E8>=18,COUNTIF($K$2:$K$10,INT(A8))>0),1,0) -> 1 | G8: =B8/1 -> 61.809 | H8: =IF(F8=1,G8,"") -> 61.809 | K8: 43062
A9: 42736.292 | B9: 61.986 | D9: =WEEKDAY(A9,2) -> 7 | E9: =HOUR(A9)+MINUTE(A9)/60 -> 7 | F9: =IF(OR(D9>5,E9<8,E9>=18,COUNTIF($K$2:$K$10,INT(A9))>0),1,0) -> 1 | G9: =B9/1 -> 61.986 | H9: =IF(F9=1,G9,"") -> 61.986 | K9: 43063
A10: 42736.333 | B10: 61.687 | D10: =WEEKDAY(A10,2) -> 7 | E10: =HOUR(A10)+MINUTE(A10)/60 -> 8 | F10: =IF(OR(D10>5,E10<8,E10>=18,COUNTIF($K$2:$K$10,INT(A10))>0),1,0) -> 1 | G10: =B10/1 -> 61.687 | H10: =IF(F10=1,G10,"") -> 61.687 | K10: 43094
A11: 42736.375 | B11: 60.747 | D11: =WEEKDAY(A11,2) -> 7 | E11: =HOUR(A11)+MINUTE(A11)/60 -> 9 | F11: =IF(OR(D11>5,E11<8,E11>=18,COUNTIF($K$2:$K$10,INT(A11))>0),1,0) -> 1 | G11: =B11/1 -> 60.747 | H11: =IF(F11=1,G11,"") -> 60.747
A12: 42736.417 | B12: 60.518 | D12: =WEEKDAY(A12,2) -> 7 | E12: =HOUR(A12)+MINUTE(A12)/60 -> 10 | F12: =IF(OR(D12>5,E12<8,E12>=18,COUNTIF($K$2:$K$10,INT(A12))>0),1,0) -> 1 | G12: =B12/1 -> 60.518 | H12: =IF(F12=1,G12,"") -> 60.518
A13: 42736.458 | B13: 59.805 | D13: =WEEKDAY(A13,2) -> 7 | E13: =HOUR(A13)+MINUTE(A13)/60 -> 11 | F13: =IF(OR(D13>5,E13<8,E13>=18,COUNTIF($K$2:$K$10,INT(A13))>0),1,0) -> 1 | G13: =B13/1 -> 59.805 | H13: =IF(F13=1,G13,"") -> 59.805
A14: 42736.5 | B14: 59.575 | D14: =WEEKDAY(A14,2) -> 7 | E14: =HOUR(A14)+MINUTE(A14)/60 -> 12 | F14: =IF(OR(D14>5,E14<8,E14>=18,COUNTIF($K$2:$K$10,INT(A14))>0),1,0) -> 1 | G14: =B14/1 -> 59.575 | H14: =IF(F14=1,G14,"") -> 59.575
A15: 42736.542 | B15: 83.342 | D15: =WEEKDAY(A15,2) -> 7 | E15: =HOUR(A15)+MINUTE(A15)/60 -> 13 | F15: =IF(OR(D15>5,E15<8,E15>=18,COUNTIF($K$2:$K$10,INT(A15))>0),1,0) -> 1 | G15: =B15/1 -> 83.342 | H15: =IF(F15=1,G15,"") -> 83.342
A16: 42736.583 | B16: 92.205 | D16: =WEEKDAY(A16,2) -> 7 | E16: =HOUR(A16)+MINUTE(A16)/60 -> 14 | F16: =IF(OR(D16>5,E16<8,E16>=18,COUNTIF($K$2:$K$10,INT(A16))>0),1,0) -> 1 | G16: =B16/1 -> 92.205 | H16: =IF(F16=1,G16,"") -> 92.205
A17: 42736.625 | B17: 93.119 | D17: =WEEKDAY(A17,2) -> 7 | E17: =HOUR(A17)+MINUTE(A17)/60 -> 15 | F17: =IF(OR(D17>5,E17<8,E17>=18,COUNTIF($K$2:$K$10,INT(A17))>0),1,0) -> 1 | G17: =B17/1 -> 93.119 | H17: =IF(F17=1,G17,"") -> 93.119
A18: 42736.667 | B18: 92.75 | D18: =WEEKDAY(A18,2) -> 7 | E18: =HOUR(A18)+MINUTE(A18)/60 -> 16 | F18: =IF(OR(D18>5,E18<8,E18>=18,COUNTIF($K$2:$K$10,INT(A18))>0),1,0) -> 1 | G18: =B18/1 -> 92.75 | H18: =IF(F18=1,G18,"") -> 92.75
A19: 42736.708 | B19: 94.157 | D19: =WEEKDAY(A19,2) -> 7 | E19: =HOUR(A19)+MINUTE(A19)/60 -> 17 | F19: =IF(OR(D19>5,E19<8,E19>=18,COUNTIF($K$2:$K$10,INT(A19))>0),1,0) -> 1 | G19: =B19/1 -> 94.157 | H19: =IF(F19=1,G19,"") -> 94.157
A20: 42736.75 | B20: 66.373 | D20: =WEEKDAY(A20,2) -> 7 | E20: =HOUR(A20)+MINUTE(A20)/60 -> 18 | F20: =IF(OR(D20>5,E20<8,E20>=18,COUNTIF($K$2:$K$10,INT(A20))>0),1,0) -> 1 | G20: =B20/1 -> 66.373 | H20: =IF(F20=1,G20,"") -> 66.373
A21: 42736.792 | B21: 62.323 | D21: =WEEKDAY(A21,2) -> 7 | E21: =HOUR(A21)+MINUTE(A21)/60 -> 19 | F21: =IF(OR(D21>5,E21<8,E21>=18,COUNTIF($K$2:$K$10,INT(A21))>0),1,0) -> 1 | G21: =B21/1 -> 62.323 | H21: =IF(F21=1,G21,"") -> 62.323
A22: 42736.833 | B22: 61.583 | D22: =WEEKDAY(A22,2) -> 7 | E22: =HOUR(A22)+MINUTE(A22)/60 -> 20 | F22: =IF(OR(D22>5,E22<8,E22>=18,COUNTIF($K$2:$K$10,INT(A22))>0),1,0) -> 1 | G22: =B22/1 -> 61.583 | H22: =IF(F22=1,G22,"") -> 61.583
... A8761: 43100.958 | B8761: 62.899 | D8761: =WEEKDAY(A8761,2) -> 7 | E8761: =HOUR(A8761)+MINUTE(A8761)/60 -> 23 | F8761: =IF(OR(D8761>5,E8761<8,E8761>=18,COUNTIF($K$2:$K$10,INT(A8761))>0),1,0) -> 1 | G8761: =B8761/1 -> 62.899 | H8761: =IF(F8761=1,G8761,"") -> 62.899
